{
    "utterances": [
        {
            "text": "Cuanto es el precio de las tenis Nike",
            "entities": [
                {
                    "entity": "Tenis_Nike:Tenis_Nike",
                    "start": 33,
                    "end": 37,
                    "body": "Nike",
                    "entities": []
                }
            ],
            "traits": [],
            "intent": "consultas"
        },
        {
            "text": "cual es el precio de las Licuadora Kitchenair",
            "entities": [
                {
                    "entity": "Marca_Kitchenair:Marca_Kitchenair",
                    "start": 25,
                    "end": 45,
                    "body": "Licuadora Kitchenair",
                    "entities": []
                }
            ],
            "traits": [],
            "intent": "consultas"
        }
    ]
}
