{
    "name": "Tenis_Nike",
    "roles": [
        "Tenis_Nike"
    ],
    "lookups": [
        "free-text",
        "keywords"
    ],
    "keywords": [
        {
            "keyword": "Nike",
            "synonyms": [
                "naic",
                "naik",
                "nik",
                "nike",
                "niki",
                "niky",
                "tenis naic",
                "tenis naik",
                "tenis nike",
                "tenis niki",
                "tenis niky"
            ]
        },
        {
            "keyword": "Nike Air Force",
            "synonyms": [
                "Nike Air Force",
                "airforce",
                "naic airforce",
                "niky airforce"
            ]
        }
    ]
}
